Sub-Category,Blog Title Idea,Keyword Cluster (Examples),Search Intent,Notes / Angle
Fundamentals & How-To,The Ultimate Beginner's Guide to AI Photo Colorization,"ai photo colorization, how to colorize photos with ai, beginner colorization",Informational,"Cover basics, benefits, common terms. Introduce ColorizeAI."
Fundamentals & How-To,Step-by-Step: Colorizing Your First Black and White Photo with ColorizeAI,"colorizeai tutorial, how to use colorizeai, colorize black and white photo app",Informational,Detailed walkthrough with screenshots/video.
Fundamentals & How-To,Advanced Techniques for Realistic AI Photo Colorization,"realistic ai colorization, advanced photo colorizing tips, improve ai color accuracy",Informational,"Tips for lighting, texture, common pitfalls. How ColorizeAI handles these."
Fundamentals & How-To,Understanding Color Theory for Better AI Colorized Photos,"color theory photo colorization, choose colors ai photo, natural looking colorized photos",Informational,Educate users on basic color principles to help them assess and perhaps guide AI results if options exist.
Fundamentals & How-To,From Sepia to Spectrum: Colorizing Different Types of Monochrome Photos,"colorize sepia photos ai, colorize monochrome pictures, ai color tinting",Informational,Address nuances of different old photo styles.
Technology Deep Dive,How Do AI Photo Colorization Algorithms Actually Work? (Simplified),"ai photo colorization technology, machine learning colorization, neural network photo color",Informational,Explain the tech in an accessible way. Build trust.
Technology Deep Dive,The Evolution of Photo Colorization: From Hand-Tinting to AI,"history of photo colorization, old colorization methods, ai vs manual colorization",Informational,Provide historical context and highlight AI's advantages.
Technology Deep Dive,Challenges in AI Photo Colorization (and How ColorizeAI Addresses Them),"ai colorization problems, common ai color errors, accurate ai photo color",Informational,Be transparent about limitations and showcase your app's strengths.
Technology Deep Dive,AI Colorization and Historical Accuracy: A Balancing Act,"historically accurate colorization, ai research old photos, colorizing historical images",Informational,Discuss the ethics and methods for achieving plausible historical colors.
ColorizeAI Specific,10 Pro Tips to Get the Most Out of ColorizeAI,"colorizeai tips, best colorizeai settings, pro colorizeai user",Informational,Maximize user success with your app.
ColorizeAI Specific,ColorizeAI Feature Spotlight: [Specific Unique Feature],"colorizeai [feature name], how to use [feature] in colorizeai",Informational,Series of posts highlighting unique selling propositions.
ColorizeAI Specific,Before & After Gallery: Stunning Transformations with ColorizeAI,"colorizeai examples, ai colorized photo gallery, colorizeai results",Commercial,Visually compelling showcase of your app's capabilities.
ColorizeAI Specific,Troubleshooting Common Issues in ColorizeAI,"colorizeai not working, colorizeai common problems, fix colorizeai output",Informational,Help users overcome hurdles.
ColorizeAI Specific,What's New in ColorizeAI? [Version/Update Annoucement],"colorizeai update, new colorizeai features, latest version colorizeai",Informational,Keep users engaged with ongoing development.
Fundamentals & How-To,"The Complete Guide to AI Photo Restoration: Fixing Tears, Scratches, and Fading","ai photo restoration, restore old photos ai, fix damaged photos ai",Informational,Broad overview. Explain different types of damage and how AI helps.
Fundamentals & How-To,How to Restore Faded Photos with AI: Bring Back Lost Detail,"ai restore faded photos, fix sun damaged photos ai, enhance old photo contrast",Informational,Focus on a common problem. Show ColorizeAI's role if applicable.
Fundamentals & How-To,Repairing Scratched and Torn Photos Using AI: A Step-by-Step Guide,"ai photo scratch removal, fix torn photo ai, digital photo repair ai",Informational,"Practical guide. Highlight relevant AI tools (mention ColorizeAI if it has these features, or suggest using it for colorization post-repair)."
Fundamentals & How-To,AI for Removing Noise and Grain from Old Photographs,"ai photo noise reduction, denoise old photos ai, clean up grainy pictures ai",Informational,Address another common image quality issue.
Fundamentals & How-To,Enhancing Facial Details in Old Photos with AI,"ai photo face enhancement, sharpen faces old photos ai, clear faces in blurry photos ai",Informational,High-interest topic.
Damage Specific,Restoring Water-Damaged Photos: Can AI Help?,"ai restore water damaged photos, fix stained photos ai",Informational,Address specific complex damage types.
Damage Specific,AI Techniques for Restoring Sepia and Monochrome Photos (Beyond Colorization),"restore sepia photos ai, enhance black and white photos ai, improve old monochrome photo quality",Informational,"Focus on clarity, contrast, and damage repair for non-colorized images."
Preservation & Best Practices,After Restoration: How to Preserve Your Newly Revitalized Digital Photos,"preserve digital photos, archive old photos, best way to store digital images",Informational,Add value beyond the immediate restoration.
Preservation & Best Practices,Scanning Old Photos for AI Restoration: Best Practices for High-Quality Results,"scan old photos for restoration, best scanner settings old photos, digitize photo collection for ai",Informational,Crucial first step for good AI results.
Preservation & Best Practices,The Ethics of AI Photo Restoration: Authenticity vs. Enhancement,"ethics photo restoration, ai altering history, authentic photo restoration",Informational,"Thought leadership, addresses potential user concerns."
ColorizeAI in Restoration,Using ColorizeAI as Part of Your Photo Restoration Workflow,"colorizeai photo restoration, photo repair and colorize, workflow old photo ai",Informational,Position ColorizeAI within a broader restoration process.
ColorizeAI in Restoration,Case Study: Restoring a Severely Damaged Family Heirloom Photo with AI (and ColorizeAI),"photo restoration case study, ai before after damaged photo, colorizeai success story",Commercial,Powerful storytelling and demonstration of value.
Family & Genealogy,Bringing Your Ancestors to Life: AI Colorization for Genealogy Research,"genealogy photo colorization, colorize ancestor photos, family tree pictures ai",Informational,Target the large genealogy community.
Family & Genealogy,The Joy of Rediscovering Family Memories: Colorizing Old Family Albums with ColorizeAI,"colorize family photos app, restore old family pictures, share colorized family photos",Informational,"Emotional connection, showcase ease of use with ColorizeAI."
Family & Genealogy,Creating Meaningful Gifts: Personalized Colorized Photos for Loved Ones,"photo colorization gift, unique photo gift idea, personalized ai photo",Commercial,Inspire users to use your app for gift-giving.
Family & Genealogy,Interview with a Genealogist: How AI Photo Colorization is Changing Family History Research,"genealogy ai tools, impact of ai on genealogy, photo restoration for historians",Informational,Expert insights and validation.
Historical & Educational,How AI Colorization is Helping Us See History in a New Light,"colorize historical photos ai, ai for history education, famous historical photos colorized",Informational,Broader impact of the technology.
Historical & Educational,Using Colorized Historical Photos in the Classroom: An Educator's Guide,"educational use of colorized photos, teaching history with ai photos, classroom resources photo colorization",Informational,Target educators as a potential user group.
Historical & Educational,The Role of ColorizeAI in Digital Archiving for Museums and Libraries,"ai for digital archives, museum photo restoration ai, library collection colorization",Informational,Explore professional applications.
Creative & Niche Uses,Colorizing Vintage Movie Stills and Celebrity Photos: A Nostalgic Journey,"colorize vintage movie photos, ai colorize classic film stills, celebrity black and white photos colorized",Informational,"Fun, engaging content for a broader audience."
Creative & Niche Uses,AI Photo Colorization for Artists and Designers: Inspiration and Techniques,"ai colorization for artists, creative uses of photo colorization, design inspiration old photos",Informational,Target a creative professional audience.
Creative & Niche Uses,Restoring and Colorizing Old Wedding Photos: Preserve Your Precious Moments,"colorize old wedding photos, restore vintage wedding pictures, ai wedding photo enhancement",Informational,Highly emotional and popular niche.
Creative & Niche Uses,From Black & White to Wow: Using Colorized Photos for Social Media Engagement,"colorized photos social media, increase engagement old photos, viral colorized images",Informational,Practical tips for a common user goal.
Comparisons & Reviews,Best AI Photo Colorization Apps for [Current Year]: A Comprehensive Review,"best ai photo colorization app, top photo colorizer software, photo colorization app review",Commercial,Position ColorizeAI favorably but honestly. Focus on different user needs. Critical to be ethical and transparent.
Comparisons & Reviews,ColorizeAI vs. [Competitor X]: Which AI Colorizer is Right for You?,"colorizeai vs [competitor], [competitor] vs colorizeai, ai photo colorizer comparison",Commercial,"Detailed, feature-by-feature comparison. Highlight ColorizeAI's strengths for specific use cases. Use with caution and ensure objectivity."
Comparisons & Reviews,Free vs. Paid AI Photo Colorization Tools: What’s the Difference?,"free photo colorization ai, paid photo colorizer benefits, best free ai colorizer",Informational,Help users understand the value proposition of paid tools like ColorizeAI.
Comparisons & Reviews,Desktop AI Photo Restoration Software vs. Mobile Apps: Which to Choose?,"desktop photo restoration software, mobile photo restoration app, best photo editing app old photos",Informational,"Discuss pros and cons, positioning mobile apps like ColorizeAI for convenience and ease of use."
Comparisons & Reviews,User Reviews: What People Are Saying About ColorizeAI,"colorizeai reviews, colorizeai user testimonials, is colorizeai good",Commercial,Aggregate and showcase positive user feedback (with permission).
Guides to Choosing Software,How to Choose the Best AI Photo Restoration Software for Your Needs,"choose photo restoration software, best ai photo editor features, what to look for in photo colorizer",Informational,Guide users through the decision-making process.
Guides to Choosing Software,Key Features to Look For in an AI Photo Colorization Tool,"ai photo colorization features, important colorizer functions, must-have photo ai tools",Informational,"Educate users on what makes a good tool, subtly aligning with ColorizeAI's features."
Industry Trends,The Future of AI Photo Colorization and Restoration: What's Next?,"future of ai photo editing, trends in photo restoration, ai image processing developments",Informational,"Thought leadership, show you're at the forefront."
Industry Trends,Online AI Colorizers vs. App-Based Solutions: Pros and Cons,"online photo colorizer, app photo colorizer, web vs app ai colorization",Informational,"Discuss different modalities, highlighting benefits of app-based solutions (offline access, potentially better processing if leveraging device hardware)."
Damage Specific,Beyond the Tears: AI Techniques for Repairing Creased and Folded Vintage Photos,"fix creased photos ai, restore folded pictures, ai photo crease removal, vintage photo damage",Informational / How-to,Focus on specific AI approaches to smooth out creases and folds without losing detail. Mention ColorizeAI if it contributes.
Damage Specific,Rescuing Memories from Water & Mold: An AI Restoration Guide for Damaged Photos,"ai restore water damaged photos, mold removal photos ai, fix stained photos ai, salvage damaged pictures",Informational / Problem-Solution,Address common severe damage types. Discuss limitations and possibilities with current AI tech.
Damage Specific,Faded Glory No More: Using AI to Restore Sun-Damaged and Discolored Photographs,"ai fix faded photos, restore discolored photos, improve old photo contrast ai, sun damaged photo repair",Informational / How-to,Explain how AI can analyze and correct color shifts and loss of detail due to light exposure.
ColorizeAI in Restoration,The ColorizeAI Workflow: Integrating Smart Colorization into Your Photo Restoration Process,"colorizeai workflow, photo restoration steps with colorizeai, repair then colorize app, ai photo editing process",Informational / How-to,"Guide users on when and how to use ColorizeAI optimally within a larger restoration project (e.g., after repairs, before final touch-ups)."
ColorizeAI in Restoration,Case Study Deep Dive: Transforming Severely Damaged Photos with ColorizeAI’s Restoration & Colorization Features,"colorizeai case study, advanced photo restoration colorizeai, before after colorizeai extreme damage, colorizeai success stories",Commercial / Informational,"A detailed showcase of ColorizeAI's capabilities on challenging photos, highlighting both repair (if applicable) and colorization."
ColorizeAI in Restoration,Unlocking Hidden Details: How ColorizeAI Enhances Clarity During Photo Restoration,"colorizeai clarity enhancement, improve photo detail ai, sharpen old photos colorizeai, ai photo restoration quality",Informational,Focus on how the colorization process (or any associated AI enhancements in ColorizeAI) can also help in making details more discernible.
Guides to Choosing Software,AI Photo Restoration Software: Key Features Your Chosen Tool MUST Have in 2025,"must-have photo restoration features, best ai photo software features 2025, choosing photo ai tool, essential restoration functions",Informational / Commercial,"Educate users on what to look for, subtly aligning with ColorizeAI's strengths where applicable. Updated for current year."
Guides to Choosing Software,Free vs. Paid AI Photo Colorizers: When is it Worth Investing in an App like ColorizeAI?,"free vs paid photo colorization, benefits of paid colorizer app, colorizeai value, photo restoration software cost",Commercial / Informational,"Objective comparison focusing on feature depth, quality, support, and when a paid tool becomes essential."
Guides to Choosing Software,User Experience Matters: Evaluating the Ease of Use in AI Photo Restoration Apps,"easy photo restoration app, user friendly ai photo editor, best ux photo colorizer, intuitive restoration software",Informational,"Discuss the importance of UI/UX, especially for non-technical users. Highlight ColorizeAI's ease of use."
Industry Trends,The Rise of Generative AI in Photo Restoration: Beyond Simple Filters,"generative ai photo restoration, ai image generation old photos, future of photo repair ai, advanced ai photo editing",Informational,Discuss how generative AI is pushing boundaries in filling missing parts and enhancing photos realistically.
Industry Trends,Ethical AI: Navigating Authenticity and Alteration in Photo Restoration and Colorization,"ethics ai photo restoration, authentic photo colorization, ai altering history photos, responsible ai image editing",Informational,Thought leadership piece on the responsible use of AI in historical/personal photo manipulation.
Industry Trends,AI Democratizing Creativity: How Apps Like ColorizeAI Empower Everyone to be a Photo Restorer,"ai photo editing for everyone, easy photo restoration tools, democratizing creativity ai, mobile photo restoration trends",Informational,Focus on accessibility and how mobile AI apps are making sophisticated photo editing available to the masses.